{
  "generated_at": "2026-03-20T21:05:13.799985+00:00",
  "best_hyperparameters": {
    "timesteps": 20,
    "cnn_filters": 64,
    "bilstm_units": 128,
    "dropout_rate": 0.3,
    "learning_rate_a": 0.001,
    "dense_units": 64
  },
  "results": [
    {
      "auc_roc": 0.8360267265535695,
      "f1_score": 0.5354638014776391,
      "accuracy": 0.6014583857178778,
      "precision": 0.732953595062422,
      "recall": 0.6014583857178778,
      "attack_recall": 0.9774096385542169,
      "params": 38657,
      "variant": "A: CNN",
      "train_time_s": 26.3,
      "epochs_run": 20
    },
    {
      "auc_roc": 0.8615052148139156,
      "f1_score": 0.6496671261667161,
      "accuracy": 0.6771435755594669,
      "precision": 0.757093580989279,
      "recall": 0.6771435755594669,
      "attack_recall": 0.9563253012048193,
      "params": 466177,
      "variant": "B: CNN+BiLSTM",
      "train_time_s": 49.7,
      "epochs_run": 19
    },
    {
      "auc_roc": 0.8610133228126612,
      "f1_score": 0.6407093699947537,
      "accuracy": 0.6721146592909228,
      "precision": 0.7634982584919101,
      "recall": 0.6721146592909228,
      "attack_recall": 0.9668674698795181,
      "params": 482817,
      "variant": "C: Full",
      "train_time_s": 77.7,
      "epochs_run": 20
    }
  ]
}