{
  "generated_at": "2026-03-20T14:44:25.369079+00:00",
  "dataset": "CICIoMT2024",
  "source_parquet": "ciciomt2024_aligned_v2.parquet",
  "sampling": {
    "original_total": 1612117,
    "original_normal": 37607,
    "original_attack": 1574510,
    "sampled_total": 10000,
    "sampled_normal": 233,
    "sampled_attack": 9767,
    "normal_ratio_pct": 2.33,
    "attack_ratio_pct": 97.67,
    "random_state": 42,
    "method": "stratified"
  },
  "accuracy": 0.05791002905520489,
  "f1_score": 0.07311483957594625,
  "precision": 0.9071348722246281,
  "recall": 0.05791002905520489,
  "auc_roc": 0.48881096558090836,
  "confusion_matrix": [
    [
      203,
      29
    ],
    [
      9374,
      375
    ]
  ],
  "classification_report": {
    "0": {
      "precision": 0.021196616894643416,
      "recall": 0.875,
      "f1-score": 0.04139055969008054,
      "support": 232.0
    },
    "1": {
      "precision": 0.9282178217821783,
      "recall": 0.038465483639347625,
      "f1-score": 0.07386979217965134,
      "support": 9749.0
    },
    "accuracy": 0.05791002905520489,
    "macro avg": {
      "precision": 0.47470721933841087,
      "recall": 0.4567327418196738,
      "f1-score": 0.05763017593486594,
      "support": 9981.0
    },
    "weighted avg": {
      "precision": 0.9071348722246281,
      "recall": 0.05791002905520489,
      "f1-score": 0.07311483957594625,
      "support": 9981.0
    }
  },
  "threshold": 0.5,
  "test_samples": 9981
}