{
  "generated_at": "2026-03-20T17:12:48.580362+00:00",
  "pipeline": "retrain_v2",
  "optimal_threshold": 0.6080849766731262,
  "metrics": {
    "threshold": 0.6080849766731262,
    "accuracy": 0.802337502563051,
    "f1_score": 0.8232793658917384,
    "precision": 0.8570731251810876,
    "recall": 0.802337502563051,
    "auc_roc": 0.7243079021370175,
    "attack_recall": 0.576797385620915,
    "attack_precision": 0.333648393194707,
    "attack_f1": 0.4227544910179641,
    "confusion_matrix": [
      [
        3560,
        705
      ],
      [
        259,
        353
      ]
    ],
    "test_samples": 4877
  },
  "classification_report": {
    "0": {
      "precision": 0.9321811992668237,
      "recall": 0.8347010550996483,
      "f1-score": 0.8807521029193469,
      "support": 4265.0
    },
    "1": {
      "precision": 0.333648393194707,
      "recall": 0.576797385620915,
      "f1-score": 0.4227544910179641,
      "support": 612.0
    },
    "accuracy": 0.802337502563051,
    "macro avg": {
      "precision": 0.6329147962307654,
      "recall": 0.7057492203602816,
      "f1-score": 0.6517532969686555,
      "support": 4877.0
    },
    "weighted avg": {
      "precision": 0.8570731251810876,
      "recall": 0.802337502563051,
      "f1-score": 0.8232793658917384,
      "support": 4877.0
    }
  }
}