{
  "generated_at": "2026-03-20T17:12:48.580894+00:00",
  "optimal_threshold": 0.6080849766731262,
  "method": "Youden's J statistic (argmax(TPR - FPR))",
  "results": [
    {
      "threshold": 0.3,
      "accuracy": 0.12630715603854828,
      "f1_score": 0.0296417442460938,
      "precision": 0.8902729282773634,
      "recall": 0.12630715603854828,
      "auc_roc": 0.7243079021370175,
      "attack_recall": 1.0,
      "attack_precision": 0.12558998563513235,
      "attack_f1": 0.22315405651777576,
      "test_samples": 4877
    },
    {
      "threshold": 0.4,
      "accuracy": 0.4590937051466065,
      "f1_score": 0.5315841724915884,
      "precision": 0.843665949158254,
      "recall": 0.4590937051466065,
      "auc_roc": 0.7243079021370175,
      "attack_recall": 0.8218954248366013,
      "attack_precision": 0.1658970976253298,
      "attack_f1": 0.27607025246981337,
      "test_samples": 4877
    },
    {
      "threshold": 0.5,
      "accuracy": 0.6846421980725856,
      "f1_score": 0.7362140752821371,
      "precision": 0.8464362222338342,
      "recall": 0.6846421980725856,
      "auc_roc": 0.7243079021370175,
      "attack_recall": 0.6633986928104575,
      "attack_precision": 0.2336018411967779,
      "attack_f1": 0.345531914893617,
      "test_samples": 4877
    },
    {
      "threshold": 0.6080849766731262,
      "accuracy": 0.802337502563051,
      "f1_score": 0.8232793658917384,
      "precision": 0.8570731251810876,
      "recall": 0.802337502563051,
      "auc_roc": 0.7243079021370175,
      "attack_recall": 0.576797385620915,
      "attack_precision": 0.333648393194707,
      "attack_f1": 0.4227544910179641,
      "test_samples": 4877
    }
  ]
}