{
  "median": 0.12897912055104988,
  "mad": 0.02486522349732001,
  "baseline_threshold": 0.2035747910430099,
  "mad_multiplier": 3.0,
  "n_normal_samples": 9972,
  "n_attention_dims": 128,
  "computed_at": "2026-03-19T05:03:57.205010+00:00"
}