{
  "baseline": {
    "variant": "baseline (full)",
    "modifications": {
      "remove": null,
      "replace": null,
      "override": null
    },
    "metrics": {
      "accuracy": 0.9155218371949969,
      "f1_score": 0.9059823133610344,
      "auc_roc": 0.7669308246940825,
      "attack_recall": 0.46078431372549017,
      "attack_precision": 0.7747252747252747,
      "attack_f1": 0.5778688524590164,
      "macro_f1": 0.7654666659196426,
      "threshold": 0.8020408163265307
    },
    "detection_params": 474496,
    "total_params": 478657,
    "optimal_threshold": 0.8020408163265307,
    "duration_seconds": 6.65,
    "status": "completed"
  },
  "variants": [
    {
      "variant": "no_attention",
      "modifications": {
        "remove": "attention",
        "replace": null,
        "override": null
      },
      "metrics": {
        "accuracy": 0.906704941562436,
        "f1_score": 0.8991015250908738,
        "auc_roc": 0.748747021278226,
        "attack_recall": 0.4722222222222222,
        "attack_precision": 0.6864608076009501,
        "attack_f1": 0.5595353339787028,
        "macro_f1": 0.7536812090143485,
        "threshold": 0.9
      },
      "detection_params": 457856,
      "total_params": 462017,
      "optimal_threshold": 0.9,
      "duration_seconds": 6.3,
      "description": "Replace Bahdanau attention with GlobalAveragePooling1D",
      "status": "completed"
    },
    {
      "variant": "no_bilstm2",
      "modifications": {
        "remove": "bilstm2",
        "replace": null,
        "override": null
      },
      "metrics": {
        "accuracy": 0.9138814845191716,
        "f1_score": 0.9050486260681491,
        "auc_roc": 0.7619137377498869,
        "attack_recall": 0.46895424836601307,
        "attack_precision": 0.7513089005235603,
        "attack_f1": 0.5774647887323944,
        "macro_f1": 0.7647597916264712,
        "threshold": 0.8673469387755103
      },
      "detection_params": 326528,
      "total_params": 334785,
      "optimal_threshold": 0.8673469387755103,
      "duration_seconds": 6.11,
      "description": "Remove second BiLSTM layer (single BiLSTM-256)",
      "status": "completed"
    },
    {
      "variant": "no_cnn2",
      "modifications": {
        "remove": "cnn2",
        "replace": null,
        "override": null
      },
      "metrics": {
        "accuracy": 0.9280295263481648,
        "f1_score": 0.9174251431809434,
        "auc_roc": 0.7642208583316092,
        "attack_recall": 0.46568627450980393,
        "attack_precision": 0.9223300970873787,
        "attack_f1": 0.6188925081433225,
        "macro_f1": 0.7895775797820654,
        "threshold": 0.8346938775510204
      },
      "detection_params": 384256,
      "total_params": 388417,
      "optimal_threshold": 0.8346938775510204,
      "duration_seconds": 6.95,
      "description": "Remove second CNN layer (single Conv1D-32)",
      "status": "completed"
    },
    {
      "variant": "unidirectional_lstm",
      "modifications": {
        "remove": null,
        "replace": "bilstm_to_lstm",
        "override": null
      },
      "metrics": {
        "accuracy": 0.9153167931105187,
        "f1_score": 0.906294289091681,
        "auc_roc": 0.7643241079159293,
        "attack_recall": 0.46895424836601307,
        "attack_precision": 0.7653333333333333,
        "attack_f1": 0.5815602836879432,
        "macro_f1": 0.767225904362507,
        "threshold": 0.9
      },
      "detection_params": 219776,
      "total_params": 221889,
      "optimal_threshold": 0.9,
      "duration_seconds": 6.05,
      "description": "Replace BiLSTM with unidirectional LSTM",
      "status": "completed"
    },
    {
      "variant": "timesteps_10",
      "modifications": {
        "remove": null,
        "replace": null,
        "override": {
          "timesteps": 10
        }
      },
      "metrics": {
        "accuracy": 0.9087374667485165,
        "f1_score": 0.8998027749014641,
        "auc_roc": 0.749951716856962,
        "attack_recall": 0.4551386623164764,
        "attack_precision": 0.7135549872122762,
        "attack_f1": 0.5557768924302788,
        "macro_f1": 0.7524608521444438,
        "threshold": 0.8020408163265307
      },
      "detection_params": 474496,
      "total_params": 478657,
      "optimal_threshold": 0.8020408163265307,
      "duration_seconds": 7.98,
      "description": "Reduce window size from 20 to 10 timesteps",
      "status": "completed"
    },
    {
      "variant": "timesteps_30",
      "modifications": {
        "remove": null,
        "replace": null,
        "override": {
          "timesteps": 30
        }
      },
      "metrics": {
        "accuracy": 0.9137045407848777,
        "f1_score": 0.9036092241826817,
        "auc_roc": 0.7392518397855797,
        "attack_recall": 0.44754098360655736,
        "attack_precision": 0.7668539325842697,
        "attack_f1": 0.5652173913043478,
        "macro_f1": 0.7586579657251666,
        "threshold": 0.6387755102040816
      },
      "detection_params": 474496,
      "total_params": 478657,
      "optimal_threshold": 0.6387755102040816,
      "duration_seconds": 7.26,
      "description": "Increase window size from 20 to 30 timesteps",
      "status": "completed"
    },
    {
      "variant": "low_dropout",
      "modifications": {
        "remove": null,
        "replace": null,
        "override": {
          "dropout_rate": 0.1
        }
      },
      "metrics": {
        "accuracy": 0.913061308181259,
        "f1_score": 0.9044364814697441,
        "auc_roc": 0.7555095817146711,
        "attack_recall": 0.47058823529411764,
        "attack_precision": 0.7422680412371134,
        "attack_f1": 0.576,
        "macro_f1": 0.7637824994288325,
        "threshold": 0.9
      },
      "detection_params": 474496,
      "total_params": 478657,
      "optimal_threshold": 0.9,
      "duration_seconds": 7.73,
      "description": "Reduce dropout from 0.3 to 0.1",
      "status": "completed"
    },
    {
      "variant": "high_dropout",
      "modifications": {
        "remove": null,
        "replace": null,
        "override": {
          "dropout_rate": 0.5
        }
      },
      "metrics": {
        "accuracy": 0.910600779167521,
        "f1_score": 0.902223747515914,
        "auc_roc": 0.7545606050157461,
        "attack_recall": 0.46895424836601307,
        "attack_precision": 0.7211055276381909,
        "attack_f1": 0.5683168316831683,
        "macro_f1": 0.7592270343228285,
        "threshold": 0.8673469387755103
      },
      "detection_params": 474496,
      "total_params": 478657,
      "optimal_threshold": 0.8673469387755103,
      "duration_seconds": 7.73,
      "description": "Increase dropout from 0.3 to 0.5",
      "status": "completed"
    }
  ],
  "comparison": [
    {
      "variant": "baseline (full)",
      "attack_f1": 0.5778688524590164,
      "auc_roc": 0.7669308246940825,
      "accuracy": 0.9155218371949969,
      "total_params": 478657,
      "delta_f1": 0.0,
      "delta_auc": 0.0
    },
    {
      "variant": "no_attention",
      "attack_f1": 0.5595353339787028,
      "auc_roc": 0.748747021278226,
      "accuracy": 0.906704941562436,
      "total_params": 462017,
      "delta_f1": -0.0183,
      "delta_auc": -0.0182
    },
    {
      "variant": "no_bilstm2",
      "attack_f1": 0.5774647887323944,
      "auc_roc": 0.7619137377498869,
      "accuracy": 0.9138814845191716,
      "total_params": 334785,
      "delta_f1": -0.0004,
      "delta_auc": -0.005
    },
    {
      "variant": "no_cnn2",
      "attack_f1": 0.6188925081433225,
      "auc_roc": 0.7642208583316092,
      "accuracy": 0.9280295263481648,
      "total_params": 388417,
      "delta_f1": 0.041,
      "delta_auc": -0.0027
    },
    {
      "variant": "unidirectional_lstm",
      "attack_f1": 0.5815602836879432,
      "auc_roc": 0.7643241079159293,
      "accuracy": 0.9153167931105187,
      "total_params": 221889,
      "delta_f1": 0.0037,