{
  "baseline": {
    "variant": "baseline (full)",
    "modifications": {
      "remove": null,
      "replace": null,
      "override": null
    },
    "metrics": {
      "accuracy": 0.9399220832478983,
      "f1_score": 0.910813408647789,
      "auc_roc": 0.8748347122205744,
      "attack_recall": 1.0,
      "attack_precision": 0.9399220832478983,
      "attack_f1": 0.9690307578480076,
      "attack_f2": 0.9873777624606901,
      "macro_f1": 0.4845153789240038,
      "threshold": 0.1
    },
    "detection_params": 473536,
    "total_params": 477697,
    "optimal_threshold": 0.1,
    "duration_seconds": 5.88,
    "status": "completed"
  },
  "variants": [
    {
      "variant": "no_attention",
      "modifications": {
        "remove": "attention",
        "replace": null,
        "override": null
      },
      "metrics": {
        "accuracy": 0.9399220832478983,
        "f1_score": 0.910813408647789,
        "auc_roc": 0.8870094228925064,
        "attack_recall": 1.0,
        "attack_precision": 0.9399220832478983,
        "attack_f1": 0.9690307578480076,
        "attack_f2": 0.9873777624606901,
        "macro_f1": 0.4845153789240038,
        "threshold": 0.1
      },
      "detection_params": 456896,
      "total_params": 461057,
      "optimal_threshold": 0.1,
      "duration_seconds": 5.28,
      "description": "Replace Bahdanau attention with GlobalAveragePooling1D",
      "status": "completed"
    },
    {
      "variant": "no_bilstm2",
      "modifications": {
        "remove": "bilstm2",
        "replace": null,
        "override": null
      },
      "metrics": {
        "accuracy": 0.9399220832478983,
        "f1_score": 0.910813408647789,
        "auc_roc": 0.872025936779658,
        "attack_recall": 1.0,
        "attack_precision": 0.9399220832478983,
        "attack_f1": 0.9690307578480076,
        "attack_f2": 0.9873777624606901,
        "macro_f1": 0.4845153789240038,
        "threshold": 0.1
      },
      "detection_params": 325568,
      "total_params": 333825,
      "optimal_threshold": 0.1,
      "duration_seconds": 4.68,
      "description": "Remove second BiLSTM layer (single BiLSTM-256)",
      "status": "completed"
    },
    {
      "variant": "no_cnn2",
      "modifications": {
        "remove": "cnn2",
        "replace": null,
        "override": null
      },
      "metrics": {
        "accuracy": 0.9399220832478983,
        "f1_score": 0.910813408647789,
        "auc_roc": 0.8699006486428532,
        "attack_recall": 1.0,
        "attack_precision": 0.9399220832478983,
        "attack_f1": 0.9690307578480076,
        "attack_f2": 0.9873777624606901,
        "macro_f1": 0.4845153789240038,
        "threshold": 0.1
      },
      "detection_params": 383296,
      "total_params": 387457,
      "optimal_threshold": 0.1,
      "duration_seconds": 6.35,
      "description": "Remove second CNN layer (single Conv1D-32)",
      "status": "completed"
    },
    {
      "variant": "unidirectional_lstm",
      "modifications": {
        "remove": null,
        "replace": "bilstm_to_lstm",
        "override": null
      },
      "metrics": {
        "accuracy": 0.9399220832478983,
        "f1_score": 0.910813408647789,
        "auc_roc": 0.849296261220211,
        "attack_recall": 1.0,
        "attack_precision": 0.9399220832478983,
        "attack_f1": 0.9690307578480076,
        "attack_f2": 0.9873777624606901,
        "macro_f1": 0.4845153789240038,
        "threshold": 0.1
      },
      "detection_params": 218816,
      "total_params": 220929,
      "optimal_threshold": 0.1,
      "duration_seconds": 5.25,
      "description": "Replace BiLSTM with unidirectional LSTM",
      "status": "completed"
    },
    {
      "variant": "timesteps_10",
      "modifications": {
        "remove": null,
        "replace": null,
        "override": {
          "timesteps": 10
        }
      },
      "metrics": {
        "accuracy": 0.7571107018620831,
        "f1_score": 0.6524536152066396,
        "auc_roc": 0.81681208588538,
        "attack_recall": 1.0,
        "attack_precision": 0.7571107018620831,
        "attack_f1": 0.8617677885175264,
        "attack_f2": 0.9397064052420379,
        "macro_f1": 0.4308838942587632,
        "threshold": 0.1
      },
      "detection_params": 473536,
      "total_params": 477697,
      "optimal_threshold": 0.1,
      "duration_seconds": 6.61,
      "description": "Reduce window size from 20 to 10 timesteps",
      "status": "completed"
    },
    {
      "variant": "timesteps_30",
      "modifications": {
        "remove": null,
        "replace": null,
        "override": {
          "timesteps": 30
        }
      },
      "metrics": {
        "accuracy": 0.9882884733922334,
        "f1_score": 0.9824672020288608,
        "auc_roc": 0.9039245723456251,
        "attack_recall": 1.0,
        "attack_precision": 0.9882884733922334,
        "attack_f1": 0.9941097447556061,
        "attack_f2": 0.9976355415439498,
        "macro_f1": 0.49705487237780305,
        "threshold": 0.1
      },
      "detection_params": 473536,
      "total_params": 477697,
      "optimal_threshold": 0.1,
      "duration_seconds": 6.91,
      "description": "Increase window size from 20 to 30 timesteps",
      "status": "completed"
    },
    {
      "variant": "low_dropout",
      "modifications": {
        "remove": null,
        "replace": null,
        "override": {
          "dropout_rate": 0.1
        }
      },
      "metrics": {
        "accuracy": 0.9399220832478983,
        "f1_score": 0.910813408647789,
        "auc_roc": 0.8800129847696989,
        "attack_recall": 1.0,
        "attack_precision": 0.9399220832478983,
        "attack_f1": 0.9690307578480076,
        "attack_f2": 0.9873777624606901,
        "macro_f1": 0.4845153789240038,
        "threshold": 0.1
      },
      "detection_params": 473536,
      "total_params": 477697,
      "optimal_threshold": 0.1,
      "duration_seconds": 6.45,
      "description": "Reduce dropout from 0.3 to 0.1",
      "status": "completed"
    },
    {
      "variant": "high_dropout",
      "modifications": {
        "remove": null,
        "replace": null,
        "override": {
          "dropout_rate": 0.5
        }
      },
      "metrics": {
        "accuracy": 0.9399220832478983,
        "f1_score": 0.910813408647789,
        "auc_roc": 0.883994037727308,
        "attack_recall": 1.0,
        "attack_precision": 0.9399220832478983,
        "attack_f1": 0.9690307578480076,
        "attack_f2": 0.9873777624606901,
        "macro_f1": 0.4845153789240038,
        "threshold": 0.1
      },
      "detection_params": 473536,
      "total_params": 477697,
      "optimal_threshold": 0.1,
      "duration_seconds": 6.71,
      "description": "Increase dropout from 0.3 to 0.5",
      "status": "completed"
    }
  ],
  "comparison": [
    {
      "variant": "baseline (full)",
      "attack_f1": 0.9690307578480076,
      "auc_roc": 0.8748347122205744,
      "accuracy": 0.9399220832478983,
      "total_params": 477697,
      "delta_f1": 0.0,
      "delta_auc": 0.0
    },
    {
      "variant": "no_attention",
      "attack_f1": 0.9690307578480076,
      "auc_roc": 0.8870094228925064,
      "accuracy": 0.9399220832478983,
      "total_params": 461057,
      "delta_f1": 0.0,
      "delta_auc": 0.0122
    },
    {
      "variant": "no_bilstm2",
      "attack_f1": 0.9690307578480076,
      "auc_roc": 0.872025936779658,
      "accuracy": 0.9399220832478983,
      "total_params": 333825,
      "delta_f1": 0.0,
      "delta_auc": -0.0028
    },
    {
      "variant": "no_cnn2",
      "attack_f1": 0.9690307578480076,
      "auc_roc": 0.8699006486428532,
      "accuracy": 0.9399220832478983,
      "total_params": 387457,
      "delta_f1": 0.0,
      "delta_auc": -0.0049
    },
    {
      "variant": "unidirectional_lstm",
      "attack_f1": 0.9690307578480076,
      "auc_roc": 0.849296261220211,
      "accuracy": 0.9399220832478983,
      "total_params": 220929,
      "delta_f1": 0.0,