{
  "baseline": {
    "variant": "baseline (full)",
    "modifications": {
      "remove": null,
      "replace": null,
      "override": null
    },
    "metrics": {
      "accuracy": 0.9415397282832442,
      "f1_score": 0.9131897195011787,
      "auc_roc": 0.8945109221133535,
      "attack_recall": 1.0,
      "attack_precision": 0.9415397282832442,
      "attack_f1": 0.9698897370653096,
      "attack_f2": 0.9877343007687657,
      "macro_f1": 0.4849448685326548,
      "threshold": 0.1
    },
    "detection_params": 82048,
    "total_params": 83137,
    "optimal_threshold": 0.1,
    "duration_seconds": 3.73,
    "status": "completed"
  },
  "variants": [
    {
      "variant": "no_attention",
      "modifications": {
        "remove": "attention",
        "replace": null,
        "override": null
      },
      "metrics": {
        "accuracy": 0.9415397282832442,
        "f1_score": 0.9131897195011787,
        "auc_roc": 0.8929343441497255,
        "attack_recall": 1.0,
        "attack_precision": 0.9415397282832442,
        "attack_f1": 0.9698897370653096,
        "attack_f2": 0.9877343007687657,
        "macro_f1": 0.4849448685326548,
        "threshold": 0.1
      },
      "detection_params": 80960,
      "total_params": 82049,
      "optimal_threshold": 0.1,
      "duration_seconds": 3.36,
      "description": "Replace Bahdanau attention with GlobalAveragePooling1D",
      "status": "completed"
    },
    {
      "variant": "no_bilstm2",
      "modifications": {
        "remove": "bilstm2",
        "replace": null,
        "override": null
      },
      "metrics": {
        "accuracy": 0.9415397282832442,
        "f1_score": 0.9131897195011787,
        "auc_roc": 0.873907634701959,
        "attack_recall": 1.0,
        "attack_precision": 0.9415397282832442,
        "attack_f1": 0.9698897370653096,
        "attack_f2": 0.9877343007687657,
        "macro_f1": 0.4849448685326548,
        "threshold": 0.1
      },
      "detection_params": 72704,
      "total_params": 74817,
      "optimal_threshold": 0.1,
      "duration_seconds": 3.15,
      "description": "Remove second BiLSTM layer (single BiLSTM-256)",
      "status": "completed"
    },
    {
      "variant": "no_cnn2",
      "modifications": {
        "remove": "cnn2",
        "replace": null,
        "override": null
      },
      "metrics": {
        "accuracy": 0.9415397282832442,
        "f1_score": 0.9131897195011787,
        "auc_roc": 0.896915819358653,
        "attack_recall": 1.0,
        "attack_precision": 0.9415397282832442,
        "attack_f1": 0.9698897370653096,
        "attack_f2": 0.9877343007687657,
        "macro_f1": 0.4849448685326548,
        "threshold": 0.1
      },
      "detection_params": 40960,
      "total_params": 42049,
      "optimal_threshold": 0.1,
      "duration_seconds": 3.72,
      "description": "Remove second CNN layer (single Conv1D-32)",
      "status": "completed"
    },
    {
      "variant": "unidirectional_lstm",
      "modifications": {
        "remove": null,
        "replace": "bilstm_to_lstm",
        "override": null
      },
      "metrics": {
        "accuracy": 0.9415397282832442,
        "f1_score": 0.9131897195011787,
        "auc_roc": 0.8888050647567082,
        "attack_recall": 1.0,
        "attack_precision": 0.9415397282832442,
        "attack_f1": 0.9698897370653096,
        "attack_f2": 0.9877343007687657,
        "macro_f1": 0.4849448685326548,
        "threshold": 0.1
      },
      "detection_params": 53696,
      "total_params": 54273,
      "optimal_threshold": 0.1,
      "duration_seconds": 3.06,
      "description": "Replace BiLSTM with unidirectional LSTM",
      "status": "completed"
    },
    {
      "variant": "timesteps_10",
      "modifications": {
        "remove": null,
        "replace": null,
        "override": {
          "timesteps": 10
        }
      },
      "metrics": {
        "accuracy": 0.7531775317753178,
        "f1_score": 0.6471408446544709,
        "auc_roc": 0.7865832816396805,
        "attack_recall": 1.0,
        "attack_precision": 0.7531775317753178,
        "attack_f1": 0.8592142188961647,
        "attack_f2": 0.9384898334525391,
        "macro_f1": 0.42960710944808234,
        "threshold": 0.1
      },
      "detection_params": 82048,
      "total_params": 83137,
      "optimal_threshold": 0.1,
      "duration_seconds": 3.98,
      "description": "Reduce window size from 20 to 10 timesteps",
      "status": "completed"
    },
    {
      "variant": "timesteps_30",
      "modifications": {
        "remove": null,
        "replace": null,
        "override": {
          "timesteps": 30
        }
      },
      "metrics": {
        "accuracy": 0.9834642414220752,
        "f1_score": 0.9752652898470685,
        "auc_roc": 0.9488440521227407,
        "attack_recall": 1.0,
        "attack_precision": 0.9834642414220752,
        "attack_f1": 0.9916631929970822,
        "attack_f2": 0.9966485127775451,
        "macro_f1": 0.4958315964985411,
        "threshold": 0.1
      },
      "detection_params": 82048,
      "total_params": 83137,
      "optimal_threshold": 0.1,
      "duration_seconds": 4.89,
      "description": "Increase window size from 20 to 30 timesteps",
      "status": "completed"
    },
    {
      "variant": "low_dropout",
      "modifications": {
        "remove": null,
        "replace": null,
        "override": {
          "dropout_rate": 0.1
        }
      },
      "metrics": {
        "accuracy": 0.9415397282832442,
        "f1_score": 0.9131897195011787,
        "auc_roc": 0.8941614268030571,
        "attack_recall": 1.0,
        "attack_precision": 0.9415397282832442,
        "attack_f1": 0.9698897370653096,
        "attack_f2": 0.9877343007687657,
        "macro_f1": 0.4849448685326548,
        "threshold": 0.1
      },
      "detection_params": 82048,
      "total_params": 83137,
      "optimal_threshold": 0.1,
      "duration_seconds": 4.51,
      "description": "Reduce dropout from 0.3 to 0.1",
      "status": "completed"
    },
    {
      "variant": "high_dropout",
      "modifications": {
        "remove": null,
        "replace": null,
        "override": {
          "dropout_rate": 0.5
        }
      },
      "metrics": {
        "accuracy": 0.9415397282832442,
        "f1_score": 0.9131897195011787,
        "auc_roc": 0.8827604894781895,
        "attack_recall": 1.0,
        "attack_precision": 0.9415397282832442,
        "attack_f1": 0.9698897370653096,
        "attack_f2": 0.9877343007687657,
        "macro_f1": 0.4849448685326548,
        "threshold": 0.1
      },
      "detection_params": 82048,
      "total_params": 83137,
      "optimal_threshold": 0.1,
      "duration_seconds": 4.03,
      "description": "Increase dropout from 0.3 to 0.5",
      "status": "completed"
    }
  ],
  "comparison": [
    {
      "variant": "baseline (full)",
      "attack_f1": 0.9698897370653096,
      "auc_roc": 0.8945109221133535,
      "accuracy": 0.9415397282832442,
      "total_params": 83137,
      "delta_f1": 0.0,
      "delta_auc": 0.0
    },
    {
      "variant": "no_attention",
      "attack_f1": 0.9698897370653096,
      "auc_roc": 0.8929343441497255,
      "accuracy": 0.9415397282832442,
      "total_params": 82049,
      "delta_f1": 0.0,
      "delta_auc": -0.0016
    },
    {
      "variant": "no_bilstm2",
      "attack_f1": 0.9698897370653096,
      "auc_roc": 0.873907634701959,
      "accuracy": 0.9415397282832442,
      "total_params": 74817,
      "delta_f1": 0.0,
      "delta_auc": -0.0206
    },
    {
      "variant": "no_cnn2",
      "attack_f1": 0.9698897370653096,
      "auc_roc": 0.896915819358653,
      "accuracy": 0.9415397282832442,
      "total_params": 42049,
      "delta_f1": 0.0,
      "delta_auc": 0.0024
    },
    {
      "variant": "unidirectional_lstm",
      "attack_f1": 0.9698897370653096,
      "auc_roc": 0.8888050647567082,
      "accuracy": 0.9415397282832442,
      "total_params": 54273,
      "delta_f1": 0.0,