{
  "head_lr": 0.0011844319751820387,
  "finetune_lr": 7.969454818643937e-05,
  "cw_attack": 7.587945476302646,
  "head_epochs": 3,
  "ft_epochs": 5
}