{
  "head_lr": 0.0029936920922265862,
  "finetune_lr": 1.311299200787371e-05,
  "cw_attack": 5.476230766951077,
  "head_epochs": 3,
  "ft_epochs": 4
}