{
  "head_lr": 0.004841220487712984,
  "finetune_lr": 9.639801438774839e-05,
  "cw_attack": 2.371197153065265,
  "head_epochs": 3,
  "ft_epochs": 5
}