{
  "generated_at": "2026-03-31T06:53:09.544935+00:00",
  "pipeline": "run_finetuned_training",
  "duration_seconds": 253.27,
  "best_hyperparameters": {
    "head_lr": 0.0011844319751820387,
    "finetune_lr": 7.969454818643937e-05,
    "cw_attack": 7.587945476302646,
    "head_epochs": 3,
    "ft_epochs": 5
  },
  "optimal_threshold": 0.1,
  "loss": "focal_loss(gamma=2.0, alpha=0.25) + label_smoothing(eps=0.05)",
  "class_weights": {
    "0": 1.0,
    "1": 7.587945476302646
  },
  "training_phases": [
    {
      "name": "Stage 1 \u2014 Head on imbalanced",
      "epochs": 3,
      "lr": 0.0011844319751820387,
      "frozen": [
        "cnn",
        "bilstm1",
        "bilstm2",
        "attention"
      ]
    },
    {
      "name": "Stage 2 \u2014 Fine-tune on imbalanced",
      "epochs": 5,
      "lr": 7.969454818643937e-05,
      "frozen": [
        "bilstm1"
      ]
    }
  ],
  "training_history": [
    {
      "phase": "Stage 1 \u2014 Head on imbalanced",
      "epochs_run": 3,
      "final_train_loss": 0.24258799850940704,
      "final_train_acc": 0.0,
      "final_val_loss": 0.030749326571822166,
      "final_val_acc": 0.0
    },
    {
      "phase": "Stage 2 \u2014 Fine-tune on imbalanced",
      "epochs_run": 5,
      "final_train_loss": 0.18138694763183594,
      "final_train_acc": 0.0,
      "final_val_loss": 0.026573531329631805,
      "final_val_acc": 0.0
    }
  ],
  "train_metrics": {
    "accuracy": 0.9282644918004034,
    "f1_score": 0.8937310938427568,
    "precision": 0.8616749667374612,
    "recall": 0.9282644918004034,
    "auc_roc": 0.8590210462976972,
    "attack_recall": 1.0,
    "attack_precision": 0.9282644918004034,
    "attack_f1": 0.9627978897580498,
    "attack_f2": 0.9847794131328731,
    "macro_f1": 0.4813989448790249,
    "confusion_matrix": [
      [
        0,
        818
      ],
      [
        0,
        10585
      ]
    ],
    "classification_report": {
      "0": {
        "precision": 0.0,
        "recall": 0.0,
        "f1-score": 0.0,
        "support": 818.0
      },
      "1": {
        "precision": 0.9282644918004034,
        "recall": 1.0,
        "f1-score": 0.9627978897580498,
        "support": 10585.0
      },
      "accuracy": 0.9282644918004034,
      "macro avg": {
        "precision": 0.4641322459002017,
        "recall": 0.5,
        "f1-score": 0.4813989448790249,
        "support": 11403.0
      },
      "weighted avg": {
        "precision": 0.8616749667374612,
        "recall": 0.9282644918004034,
        "f1-score": 0.8937310938427568,
        "support": 11403.0
      }
    },
    "threshold": 0.1,
    "samples": 11403
  },
  "val_metrics": {
    "final_val_loss": 0.026573531329631805,
    "final_val_acc": 0.0,
    "optimal_threshold": 0.1,
    "val_attack_f2": 0.9878945092952875
  },
  "test_metrics": {
    "accuracy": 0.941358024691358,
    "f1_score": 0.9129227266482168,
    "precision": 0.8861549306508154,
    "recall": 0.941358024691358,
    "auc_roc": 0.8949381650848433,
    "attack_recall": 1.0,
    "attack_precision": 0.941358024691358,
    "attack_f1": 0.9697933227344993,
    "attack_f2": 0.9876943005181347,
    "macro_f1": 0.4848966613672496,
    "confusion_matrix": [
      [
        0,
        114
      ],
      [
        0,
        1830
      ]
    ],
    "classification_report": {
      "0": {
        "precision": 0.0,
        "recall": 0.0,
        "f1-score": 0.0,
        "support": 114.0
      },
      "1": {
        "precision": 0.941358024691358,
        "recall": 1.0,
        "f1-score": 0.9697933227344993,
        "support": 1830.0
      },
      "accuracy": 0.941358024691358,
      "macro avg": {
        "precision": 0.470679012345679,
        "recall": 0.5,
        "f1-score": 0.4848966613672496,
        "support": 1944.0
      },
      "weighted avg": {
        "precision": 0.8861549306508154,
        "recall": 0.941358024691358,
        "f1-score": 0.9129227266482168,
        "support": 1944.0
      }
    },
    "threshold": 0.1,
    "samples": 1944
  },
  "baseline_comparison": {
    "attack_recall": {
      "baseline": 0.576797385620915,
      "finetuned": 1.0
    },
    "attack_precision": {
      "baseline": 0.333648393194707,
      "finetuned": 0.941358024691358
    },
    "attack_f1": {
      "baseline": 0.4227544910179641,
      "finetuned": 0.9697933227344993
    },
    "accuracy": {
      "baseline": 0.802337502563051,
      "finetuned": 0.941358024691358
    },
    "f1_score": {
      "baseline": 0.8232793658917384,
      "finetuned": 0.9129227266482168
    },
    "auc_roc": {
      "baseline": 0.7243079021370175,
      "finetuned": 0.8949381650848433
    }
  },
  "tuning_summary": {
    "strategy": "bayesian_tpe",
    "total_trials": 30,
    "completed_trials": 30,
    "pruned_trials": 0,
    "best_quick_score": 0.9877343007687657
  },
  "model_summary": {
    "total_params": 477697,
    "detection_params": 473536,
    "head_params": 4161
  }
}