{
  "generated_at": "2026-03-28T12:33:37.581518+00:00",
  "pipeline": "run_finetuned_training",
  "duration_seconds": 278.92,
  "best_hyperparameters": {
    "head_lr": 0.0029936920922265862,
    "finetune_lr": 1.311299200787371e-05,
    "cw_attack": 5.476230766951077,
    "head_epochs": 3,
    "ft_epochs": 4
  },
  "optimal_threshold": 0.1,
  "loss": "binary_crossentropy",
  "class_weights": {
    "0": 1.0,
    "1": 5.476230766951077
  },
  "training_phases": [
    {
      "name": "Stage 1 \u2014 Head on imbalanced",
      "epochs": 3,
      "lr": 0.0029936920922265862,
      "frozen": [
        "cnn",
        "bilstm1",
        "bilstm2",
        "attention"
      ]
    },
    {
      "name": "Stage 2 \u2014 Fine-tune on imbalanced",
      "epochs": 4,
      "lr": 1.311299200787371e-05,
      "frozen": [
        "bilstm1"
      ]
    }
  ],
  "training_history": [
    {
      "phase": "Stage 1 \u2014 Head on imbalanced",
      "epochs_run": 3,
      "final_train_loss": 0.4917268455028534,
      "final_train_acc": 0.9267704486846924,
      "final_val_loss": 0.23406609892845154,
      "final_val_acc": 0.934239387512207
    },
    {
      "phase": "Stage 2 \u2014 Fine-tune on imbalanced",
      "epochs_run": 3,
      "final_train_loss": 0.437682569026947,
      "final_train_acc": 0.9267704486846924,
      "final_val_loss": 0.229587122797966,
      "final_val_acc": 0.934239387512207
    }
  ],
  "train_metrics": {
    "accuracy": 0.9282644918004034,
    "f1_score": 0.8937310938427568,
    "precision": 0.8616749667374612,
    "recall": 0.9282644918004034,
    "auc_roc": 0.78334070563941,
    "attack_recall": 1.0,
    "attack_precision": 0.9282644918004034,
    "attack_f1": 0.9627978897580498,
    "attack_f2": 0.9847794131328731,
    "macro_f1": 0.4813989448790249,
    "confusion_matrix": [
      [
        0,
        818
      ],
      [
        0,
        10585
      ]
    ],
    "classification_report": {
      "0": {
        "precision": 0.0,
        "recall": 0.0,
        "f1-score": 0.0,
        "support": 818.0
      },
      "1": {
        "precision": 0.9282644918004034,
        "recall": 1.0,
        "f1-score": 0.9627978897580498,
        "support": 10585.0
      },
      "accuracy": 0.9282644918004034,
      "macro avg": {
        "precision": 0.4641322459002017,
        "recall": 0.5,
        "f1-score": 0.4813989448790249,
        "support": 11403.0
      },
      "weighted avg": {
        "precision": 0.8616749667374612,
        "recall": 0.9282644918004034,
        "f1-score": 0.8937310938427568,
        "support": 11403.0
      }
    },
    "threshold": 0.1,
    "samples": 11403
  },
  "val_metrics": {
    "final_val_loss": 0.229587122797966,
    "final_val_acc": 0.934239387512207,
    "optimal_threshold": 0.1,
    "val_attack_f2": 0.9872817417546885
  },
  "test_metrics": {
    "accuracy": 0.9400307534597643,
    "f1_score": 0.9109729996540066,
    "precision": 0.883657817450132,
    "recall": 0.9400307534597643,
    "auc_roc": 0.8415343138625582,
    "attack_recall": 1.0,
    "attack_precision": 0.9400307534597643,
    "attack_f1": 0.9690885072655218,
    "attack_f2": 0.987401744373856,
    "macro_f1": 0.4845442536327609,
    "confusion_matrix": [
      [
        0,
        234
      ],
      [
        0,
        3668
      ]
    ],
    "classification_report": {
      "0": {
        "precision": 0.0,
        "recall": 0.0,
        "f1-score": 0.0,
        "support": 234.0
      },
      "1": {
        "precision": 0.9400307534597643,
        "recall": 1.0,
        "f1-score": 0.9690885072655218,
        "support": 3668.0
      },
      "accuracy": 0.9400307534597643,
      "macro avg": {
        "precision": 0.47001537672988214,
        "recall": 0.5,
        "f1-score": 0.4845442536327609,
        "support": 3902.0
      },
      "weighted avg": {
        "precision": 0.883657817450132,
        "recall": 0.9400307534597643,
        "f1-score": 0.9109729996540066,
        "support": 3902.0
      }
    },
    "threshold": 0.1,
    "samples": 3902
  },
  "baseline_comparison": {
    "attack_recall": {
      "baseline": 0.576797385620915,
      "finetuned": 1.0
    },
    "attack_precision": {
      "baseline": 0.333648393194707,
      "finetuned": 0.9400307534597643
    },
    "attack_f1": {
      "baseline": 0.4227544910179641,
      "finetuned": 0.9690885072655218
    },
    "accuracy": {
      "baseline": 0.802337502563051,
      "finetuned": 0.9400307534597643
    },
    "f1_score": {
      "baseline": 0.8232793658917384,
      "finetuned": 0.9109729996540066
    },
    "auc_roc": {
      "baseline": 0.7243079021370175,
      "finetuned": 0.8415343138625582
    }
  },
  "tuning_summary": {
    "strategy": "bayesian_tpe",
    "total_trials": 30,
    "completed_trials": 30,
    "pruned_trials": 0,
    "best_quick_score": 0.9874628408944035
  },
  "model_summary": {
    "total_params": 477697,
    "detection_params": 473536,
    "head_params": 4161
  }
}