{
  "method": "optuna_fanova",
  "importances": {
    "cw_attack": 0.41874411590144567,
    "finetune_lr": 0.28483163187219485,
    "head_lr": 0.2549522290483857,
    "ft_epochs": 0.04147202317797371,
    "head_epochs": 0.0
  },
  "grouped_importances": {
    "finetune_lr": 0.5,
    "cw_attack": 0.2222222222222222,
    "head_lr": 0.2222222222222222,
    "ft_epochs": 0.05555555555555555,
    "head_epochs": 0.0
  },
  "optuna_importances": {
    "cw_attack": 0.41874411590144567,
    "finetune_lr": 0.28483163187219485,
    "head_lr": 0.2549522290483857,
    "ft_epochs": 0.04147202317797371,
    "head_epochs": 0.0
  }
}