{
  "method": "optuna_fanova",
  "importances": {
    "head_lr": 0.4960653181541815,
    "cw_attack": 0.2137784002688522,
    "finetune_lr": 0.15611252928499472,
    "ft_epochs": 0.0873671844399198,
    "head_epochs": 0.046676567852051855
  },
  "grouped_importances": {
    "finetune_lr": 0.34506568344642596,
    "cw_attack": 0.3125414532586904,
    "head_lr": 0.3125414532586904,
    "ft_epochs": 0.019949210642024574,
    "head_epochs": 0.009902199394168705
  },
  "optuna_importances": {
    "head_lr": 0.4960653181541815,
    "cw_attack": 0.2137784002688522,
    "finetune_lr": 0.15611252928499472,
    "ft_epochs": 0.0873671844399198,
    "head_epochs": 0.046676567852051855
  }
}