{
  "method": "optuna_fanova",
  "importances": {
    "head_lr": 0.34399907548544617,
    "cw_attack": 0.33283314498194955,
    "finetune_lr": 0.2956651833643144,
    "ft_epochs": 0.027502596168289782,
    "head_epochs": 0.0
  },
  "grouped_importances": {
    "cw_attack": 0.31496062992125984,
    "finetune_lr": 0.31496062992125984,
    "head_lr": 0.31496062992125984,
    "head_epochs": 0.03937007874015748,
    "ft_epochs": 0.015748031496062995
  },
  "optuna_importances": {
    "head_lr": 0.34399907548544617,
    "cw_attack": 0.33283314498194955,
    "finetune_lr": 0.2956651833643144,
    "ft_epochs": 0.027502596168289782,
    "head_epochs": 0.0
  }
}